mes,Macau,Macau,Macau,Macau,Mossoró,Mossoró,Mossoró,Mossoró,,Reanálise Merra-2 
ano,Prec,UR,temp,Rad,Prec,UR,temp,Rad,,
jan.-90,"14,73","53,25870968","27,92580645","35,25","25,11","72,71290323","27,02935484","34,85870968",,
fev.-90,"115,02","64,29607143","27,1","35,89428571","61,14","75,85607143","27,00892857","35,55678571",,
mar.-90,"60,74","62,42870968","27,26354839","34,99580645","27,26","74,14483871","27,57451613","35,51612903",,
abr.-90,"141,18","67,54633333","27,075","35,51633333","111,66","75,70033333","27,67","35,76666667",,
mai.-90,"45,02","66,11483871","26,44903226","34,64129032","120,99","78,40677419","26,81903226","35,32225806",,
jun.-90,"10,77","54,28233333","27,306","34,409","141,63","79,68333333","26,07666667","35,13766667",,
jul.-90,"40,91","58,93677419","26,37774194","34,5783871","102,98","78,59612903","25,56354839","34,70419355",,
ago.-90,"11,09","48,98806452","27,14419355","33,7783871","102,19","77,33548387","25,06870968","34,55677419",,
set.-90,"8,65","44,23066667","28,41066667","34,17333333","21,32","72,23366667","25,798","33,88",,
out.-90,"3,5","43,57903226","29,20806452","35,40677419","20,25","72,32774194","26,30451613","34,24935484",,
nov.-90,"11,58","44,839","29,56233333","35,388","21,83","72,56866667","26,83066667","34,65766667",,
dez.-90,"4,1","42,2983871","29,90419355","35,38451613","7,47","69,64258065","27,17419355","34,60548387",,
jan.-91,"90,2","54,48967742","28,6516129","35,93483871","18,13","71,86870968","27,43064516","35,07967742",,
fev.-91,"92,37","65,39785714","27,06678571","35,62392857","55,51","73,60357143","27,43285714","35,37785714",,
mar.-91,"218,47","73,03290323","26,30774194","35,73806452","166,88","78,06935484","27,23064516","36,02225806",,
abr.-91,"106,71","77,73733333","25,34366667","35,093","138,06","79,85666667","26,93733333","35,32566667",,
mai.-91,"124,75","80,51645161","24,90419355","35,01290323","201,71","80,82774194","26,72774194","35,99354839",,
jun.-91,"16,91","64,22866667","25,55066667","34,098","132,99","78,92533333","26,005","35,38166667",,
jul.-91,"1,34","50,51548387","26,45451613","32,83032258","74,25","76,40645161","25,06935484","34,09580645",,
ago.-91,"2,7","46,34322581","26,82483871","32,82225806","36,5","73,90483871","24,87129032","33,75225806",,
set.-91,"0,03","42,67233333","28,53633333","33,64","12,39","72,47833333","25,55666667","33,78766667",,
out.-91,"1,22","41,49129032","28,64709677","33,85387097","21,49","70,69709677","25,65354839","33,43290323",,
nov.-91,"3,99","43,867","29,231","35,072","10,9","70,84233333","26,44266667","34,03466667",,
dez.-91,"0,5","43,3616129","29,40483871","33,86806452","4,27","69,76870968","26,90870968","33,51645161",,
jan.-92,"160,68","55,03548387","28,36129032","35,33064516","84,58","76,23483871","26,77","35,02129032",,
fev.-92,"178,34","79,6","25,11068966","35,60241379","166,49","81,58","26,51206897","35,87103448",,
mar.-92,"185,33","79,57677419","25,25354839","35,34903226","219,9","81,23451613","26,70387097","35,96516129",,
abr.-92,"108,69","80,669","25,038","34,689","137,43","81,411","26,612","35,61033333",,
mai.-92,"7,38","63,24741935","26,39387097","34,00677419","64,18","75,65064516","26,64064516","34,80677419",,
jun.-92,"15,27","55,699","26,80733333","34,16166667","127,65","79,791","25,529","34,88033333",,
jul.-92,"6,76","49,12419355","26,48935484","33,12","43,99","73,49290323","25,03645161","33,60774194",,
ago.-92,"0,56","45,45645161","27,45354839","32,8916129","67,64","74,30387097","24,94741935","33,80903226",,
set.-92,"6,31","44,08466667","28,093","34,235","18,07","69,94633333","25,38266667","33,75533333",,
out.-92,0,"40,7816129","28,68387097","33,31967742","3,77","68,29935484","25,88354839","33,45451613",,
nov.-92,"0,45","42,26","29,394","34,479","12,34","71,22333333","26,24633333","34,20233333",,
dez.-92,"0,63","44,08451613","29,38354839","34,82032258","10,06","71,92354839","26,66096774","34,49774194",,
jan.-93,"34,39","49,87290323","28,52935484","35,23870968","22,44","73,01612903","26,67774194","34,90193548",,
fev.-93,"32,32","47,53285714","29,32714286","35,51464286","10,63","70,66035714","27,41821429","34,80928571",,
mar.-93,"68,44","52,43935484","28,72225806","35,26451613","64,33","71,63032258","27,37612903","34,55096774",,
abr.-93,"39,32","57,67933333","28,121","35,425","101,75","76,92366667","27,093","35,43733333",,
mai.-93,"75,47","60,68967742","26,98741935","34,76935484","52,34","75,7416129","26,95709677","35,01548387",,
jun.-93,"4,49","52,231","26,92566667","34,03733333","65,12","75,616","26,01433333","34,84266667",,
jul.-93,"12,47","49,13290323","26,56580645","32,96096774","90,69","75,06419355","25,25967742","34,06483871",,
ago.-93,"0,4","43,80483871","27,83580645","33,15483871","21,49","71,20419355","25,72","33,66967742",,
set.-93,"3,83","42,39733333","28,867","34,25766667","9,21","69,24033333","26,22033333","33,67",,
out.-93,"9,5","42,87225806","29,40870968","34,83806452","25,5","69,38774194","26,65935484","34,22645161",,
nov.-93,"10,46","42,83533333","29,95966667","35,726","13,93","70,58266667","27,01633333","34,686",,
dez.-93,"8,23","43,57645161","29,89516129","35,37","17,4","70,68419355","27,18258065","34,60903226",,
jan.-94,"139,36","63,76290323","27,38032258","35,77645161","81,4","74,41387097","27,13451613","35,0916129",,
fev.-94,"126,14","68,01464286","26,4475","35,58571429","70,84","73,13357143","27,42964286","35,41964286",,
mar.-94,"189,17","78,54870968","25,7916129","35,47774194","183,25","77,98258065","27,38290323","35,80806452",,
abr.-94,"156,19","82,63266667","24,92433333","35,22633333","217,8","83,18","26,57966667","35,923",,
mai.-94,"121,91","82,76677419","24,64354839","35,00483871","184,92","82,51193548","26,5983871","35,84225806",,
jun.-94,"156,7","81,822","24,25066667","34,63933333","302,06","83,72933333","25,75033333","35,486",,
jul.-94,"23,58","68,71451613","24,19","33,44709677","188,51","80,09225806","25,02","34,71709677",,
ago.-94,"3,31","50,67774194","26,60967742","33,30193548","45,5","77,84806452","24,91870968","34,29935484",,
set.-94,"2,18","44,715","28,20833333","33,88666667","24,96","73,44633333","25,50633333","33,926",,
out.-94,"2,12","41,71064516","29,37870968","34,87516129","6,13","69,95645161","26,07967742","33,50645161",,
nov.-94,"1,02","40,96933333","29,623","34,53266667","9,14","69,904","26,60066667","33,70133333",,
dez.-94,"51,03","48,47580645","29,01258065","35,16451613","41,57","74,12516129","26,71225806","34,6116129",,
jan.-95,"54,98","60,17129032","27,41645161","35,10290323","31,88","74,96032258","26,89903226","34,95129032",,
fev.-95,"103,67","65,81678571","27,14035714","35,48714286","71,99","77,20607143","27,03357143","35,33571429",,
mar.-95,"163,16","69,49967742","26,84516129","35,78709677","163,82","77,75354839","27,27258065","35,76129032",,
abr.-95,"193,51","84,69766667","24,95566667","35,49066667","268,49","84,52633333","26,68533333","35,98166667",,
mai.-95,"215,9","83,42935484","24,78129032","34,95322581","219,07","82,79870968","26,43741935","35,53677419",,
jun.-95,"33,77","80,75733333","23,74966667","34,35966667","198,75","81,51066667","25,81233333","35,61633333",,
jul.-95,"30,58","68,01483871","24,33774194","34,05677419","181,47","81,32612903","24,84419355","35,08645161",,
ago.-95,1,"48,92193548","26,43419355","32,87483871","14,36","74,45645161","24,88290323","33,49580645",,
set.-95,"0,25","41,29233333","28,102","33,16","9,52","71,32","25,35333333","33,661",,
out.-95,"1,31","41,50774194","29,4183871","34,23774194","4,44","69,87451613","26,10258065","33,5983871",,
nov.-95,"33,5","47,77933333","29,00633333","35,423","33,2","73,76166667","26,31466667","34,68666667",,
dez.-95,"5,29","45,48741935","29,62935484","35,32709677","3,88","70,49419355","27,23548387","34,42645161",,
jan.-96,"108,93","59,22709677","27,86483871","34,69387097","34,6","72,32741935","27,36677419","34,94451613",,
fev.-96,"103,69","62,82448276","27,3937931","35,47172414","53,56","71,81517241","27,66724138","35,20068966",,
mar.-96,"177,37","81,92806452","25,47451613","35,35096774","224,52","80,09322581","27,07354839","35,99258065",,
abr.-96,"292,18","84,45933333","25,11966667","35,38266667","278,43","83,516","26,64233333","36,19266667",,
mai.-96,"111,35","82,64580645","24,23612903","34,04032258","103,39","80,21903226","26,58870968","35,30483871",,
jun.-96,"18,97","74,43","23,98966667","33,96866667","135,81","80,18866667","25,62166667","35,30366667",,
jul.-96,"15,66","60,10225806","25,38516129","33,87290323","102,87","77,88129032","25,15451613","34,96548387",,
ago.-96,"19,92","51,86387097","26,96774194","33,80129032","89,71","77,31451613","25,32645161","34,68483871",,
set.-96,"1,93","43,495","28,45366667","33,61133333","41,59","73,39633333","25,72133333","34,52066667",,
out.-96,"5,17","42,32258065","29,45548387","34,82741935","36,76","70,77129032","26,38741935","34,09096774",,
nov.-96,"25,99","47,925","29,02633333","35,23866667","23,58","72,36033333","26,77533333","34,77333333",,
dez.-96,"9,66","44,79548387","29,7516129","34,89483871","13,99","71,33645161","27,29870968","34,33",,
jan.-97,"114,15","57,47870968","28,01225806","35,71354839","26,54","71,83645161","27,40935484","35,11064516",,
fev.-97,"78,79","63,15857143","26,70892857","34,97071429","60,58","72,27678571","27,24857143","34,88642857",,
mar.-97,"216,12","68,61387097","26,92903226","35,41806452","140,11","79,21","26,99741935","35,45193548",,
abr.-97,"150,46","83,27233333","24,86033333","34,98333333","197,56","82,257","26,58066667","35,632",,
mai.-97,"78,48","78,03419355","24,60064516","34,25","170,31","79,71483871","26,20322581","35,40580645",,
jun.-97,"4,46","59,55733333","25,33533333","33,47733333","30,59","72,43966667","25,90066667","34,26033333",,
jul.-97,"8,61","50,55129032","26,53419355","33,25451613","53,5","73,27645161","25,42741935","34,05548387",,
ago.-97,"6,3","46,20741935","27,36193548","33,43225806","41,96","73,21290323","25,15354839","33,98096774",,
set.-97,"0,02","41,82833333","28,96666667","33,807","1,29","68,34","25,88933333","33,26566667",,
out.-97,"1,78","41,65516129","29,78741935","34,54354839","2,13","68,79032258","26,62516129","33,94903226",,
nov.-97,"5,64","42,34366667","29,96866667","35,45133333","1,66","68,98866667","27,15166667","34,204",,
dez.-97,"32,1","47,85290323","29,82354839","34,95774194","49,71","72,05322581","27,4083871","34,50709677",,
jan.-98,"112,57","64,40967742","28,07451613","36,08709677","83,59","76,53290323","27,73032258","35,95645161",,
fev.-98,"48,07","58,31964286","28,82107143","35,86785714","36,94","73,475","28,27678571","35,50785714",,
mar.-98,"111,67","61,1783871","28,85870968","36,24935484","54,28","74,51516129","28,58354839","36,39870968",,
abr.-98,"38,68","56,475","29,34566667","35,56466667","42,57","71,76333333","28,789","36,138",,
mai.-98,"9,62","48,39096774","29,57225806","35,49935484","69,8","72,83741935","27,85741935","35,66483871",,
jun.-98,"4,39","46,93233333","28,24866667","34,356","131,18","75,156","26,40233333","35,40366667",,
jul.-98,"11,21","48,48419355","27,63129032","34,22129032","213,45","77,51935484","25,65806452","34,95677419",,
ago.-98,"11,61","46,32903226","27,67","33,50032258","60,31","74,43322581","25,33032258","34,41806452",,
set.-98,0,"39,68833333","29,01033333","33,587","6,76","68,377","26,30133333","34,06633333",,
out.-98,"0,55","39,41612903","29,91903226","33,74516129","7,07","68,53967742","26,86741935","34,19032258",,
nov.-98,"1,57","42,88333333","30,17766667","35,392","8,79","69,345","27,35366667","34,31366667",,
dez.-98,"6,06","42,02709677","30,20193548","35,52935484","14,18","68,3783871","27,46032258","34,57774194",,
jan.-99,"61,88","55,53483871","28,36645161","35,27225806","31,79","70,89225806","27,55806452","35,04903226",,
fev.-99,"51,86","53,89321429","28,81785714","35,35571429","89,06","72,46321429","27,64071429","35,51357143",,
mar.-99,"180,03","70,90806452","26,53935484","35,15870968","107,13","76,82387097","27,20483871","35,34645161",,
abr.-99,"73,67","66,749","26,77533333","34,99133333","103,83","74,72166667","27,41133333","35,488",,
mai.-99,"169,44","76,5616129","25,06096774","34,26064516","164,08","78,86258065","26,62","35,38387097",,
jun.-99,"7,65","60,62533333","25,51733333","33,304","71,41","75,06166667","26,10266667","34,541",,
jul.-99,"2,4","48,07903226","26,31903226","33,01709677","51,81","70,14258065","25,91064516","34,31483871",,
ago.-99,"0,08","42,97903226","27,44903226","32,33064516","29,26","70,12064516","25,56645161","33,83677419",,
set.-99,"4,18","41,47633333","28,92733333","33,64533333","23,88","69,936","26,10233333","34,06766667",,
out.-99,"12,06","41,61516129","29,34967742","34,06096774","17,73","68,06774194","26,48032258","33,89483871",,
nov.-99,"28,81","45,56133333","29,43533333","35,39633333","6,14","68,23433333","27,28666667","34,58833333",,
dez.-99,"72,02","51,68967742","28,9","35,32032258","48,97","72,57548387","27,35290323","35,35064516",,
jan.-00,"146,71","69,03870968","26,59258065","34,93774194",67,"73,70774194","27,35","35,2783871",,
fev.-00,"218,31","74,8462069","26,01482759","34,92103448","129,65","75,71034483","27,39275862","35,56206897",,
mar.-00,"158,54","78,51548387","25,48258065","34,94258065","85,86","74,27451613","27,75451613","35,53322581",,
abr.-00,"189,28","83,71333333","24,96566667","34,65966667","192,16","80,05533333","27,261","35,98033333",,
mai.-00,"68,34","77,88032258","24,71645161","34,42774194","174,54","79,31677419","26,66","35,56419355",,
jun.-00,"48,14","69,77833333","25,19133333","34,52633333","300,07","80,98766667","25,941","35,3",,
jul.-00,"32,78","62,47225806","25,87709677","34,13032258","258,5","83,50774194","25,05677419","35,22419355",,
ago.-00,"61,71","58,80935484","25,70451613","33,47419355","133,29","79,2116129","24,99193548","34,53612903",,
set.-00,"15,99","50,04066667","27,97","34,37966667","116,78","77,46366667","25,63433333","34,555",,
out.-00,"6,65","43,62774194","28,92903226","33,95580645","7,53","72,11","26,11032258","34,12258065",,
nov.-00,"0,38","43,17433333","29,53733333","35,02166667","8,21","70,90733333","26,73233333","34,57866667",,
dez.-00,"41,52","51,4616129","28,58935484","34,80516129","40,14","73,66032258","26,86225806","34,74225806",,
jan.-01,"29,72","48,11129032","28,79935484","35,42548387","32,35","70,83967742","27,25870968","34,93129032",,
fev.-01,"75,22","57,54964286","27,91071429","35,63607143","24,3","71,08785714","27,70535714","35,01357143",,
mar.-01,"169,05","70,03709677","26,50419355","35,30580645","80,49","73,63612903","27,67129032","35,82419355",,
abr.-01,"105,4","74,47233333","25,71366667","35,30366667","199,41","80,03566667","26,92166667","36,25",,
mai.-01,"17,45","59,95935484","27,42741935","34,57193548","19,73","72,85064516","27,47645161","34,82322581",,
jun.-01,"42,06","59,32","26,39066667","34,61166667","188,23","77,79366667","26,165","35,54133333",,
jul.-01,"9,7","53,65967742","26,67193548","33,61483871","71,45","76,19387097","25,61129032","34,70516129",,
ago.-01,"7,54","45,96","26,6816129","32,35903226","50,24","72,2","25,24419355","33,9",,
set.-01,"1,13","41,78166667","28,83033333","33,44033333","20,92","70,67","25,965","33,91366667",,
out.-01,"7,57","41,91967742","29,54290323","34,2483871","8,88","69,57645161","26,74935484","34,48322581",,
nov.-01,"5,65","42,25033333","30,28","35,142","13,51","68,99","27,37066667","34,778",,
dez.-01,"42,4","48,8","29,83387097","35,77935484","34,37","73,79451613","27,57451613","35,47096774",,
jan.-02,"277,1","77,82064516","25,61193548","35,0516129","133,24","79,48903226","26,86516129","35,91064516",,
fev.-02,"99,95","75,72285714","25,48857143","34,43821429","65,09","76,54357143","27,235","35,55928571",,
mar.-02,"192,76","78,81193548","25,3916129","34,94387097","237,31","79,95193548","26,98967742","36,1316129",,
abr.-02,"159,11","81,50166667","24,864","35,134","134,35","80,387","26,846","36,22333333",,
mai.-02,"120,61","78,08451613","25,12129032","34,77387097","107,31","78,97774194","27,04935484","35,96483871",,
jun.-02,"25,44","67,79666667","25,34633333","34,35066667","195,46","80,21866667","25,971","35,475",,
jul.-02,"6,71","54,07935484","26,78516129","33,66580645","103,87","78,90677419","25,57548387","34,73096774",,
ago.-02,"0,43","44,9616129","27,39741935","32,95516129","99,88","75,1016129","25,35129032","34,38806452",,
set.-02,"0,67","40,449","28,56566667","33,58433333","2,59","66,87733333","26,11133333","33,44666667",,
out.-02,"4,23","41,1316129","29,70225806","33,87741935",18,"70,39225806","26,65","34,47483871",,
nov.-02,"3,05","41,71066667","29,99933333","34,26533333","32,52","70,657","26,92366667","34,35333333",,
dez.-02,"8,3","46,71709677","30,00516129","35,46354839","8,42","71,76645161","27,6316129","34,95903226",,
jan.-03,"109,37","57,15387097","28,56580645","34,98903226","73,32","72,57774194","27,57419355","34,92",,
fev.-03,"142,46","71,61357143","26,6675","35,58464286","122,07","77,1325","27,50214286","36,1025",,
mar.-03,"196,52","80,03354839","25,59258065","35,09290323","244,04","81,34677419","27,1216129","35,91580645",,
abr.-03,"131,69","79,02533333","25,505","35,021","141,92","81,24333333","27,092","36,12633333",,
mai.-03,"63,64","74,25967742","25,62709677","34,60387097","112,42","79,65129032","27,05548387","35,43774194",,
jun.-03,"22,92","60,62133333","26,17933333","33,94033333","142,34","80,323","26,02733333","35,53833333",,
jul.-03,"6,21","49,44322581","26,94709677","32,81806452","74,7","76,76","25,46451613","34,76709677",,
ago.-03,"2,49","44,08032258","28,05806452","33,13516129","32,58","72,73741935","25,8583871","34,12451613",,
set.-03,"1,71","41,79266667","29,05933333","33,29266667","16,6","70,16866667","26,431","34,09866667",,
out.-03,"0,56","39,33451613","30,0516129","34,0683871","10,45","67,76483871","27,07967742","34,1916129",,
nov.-03,"4,83","40,93166667","30,52033333","34,91166667","8,18","69,26433333","27,39233333","34,69166667",,
dez.-03,"15,32","44,62516129","30,35032258","35,09806452","21,94","70,93451613","27,71258065","35,30096774",,
jan.-04,"413,1","70,92354839","27,07935484","35,75483871","302,34","79,55387097","27,03322581","36,12032258",,
fev.-04,"228,79","85,64793103","24,92965517","35,22482759","172,84","81,47896552","27,05","35,75862069",,
mar.-04,"125,11","83,21677419","25,04354839","35,01290323","128,63","78,9883871","27,22935484","35,85032258",,
abr.-04,"90,76","82,016","25,17766667","35,584","104,43","78,084","27,38666667","36,12133333",,
mai.-04,"64,47","74,21677419","25,5683871","34,83064516","152,53","79,36354839","26,82774194","35,22225806",,
jun.-04,"82,27","72,916","24,815","34,40966667","244,91","81,475","26,05166667","35,59433333",,
jul.-04,"24,23","62,34129032","25,56612903","33,38935484","193,35","82,01903226","25,28612903","34,80451613",,
ago.-04,"1,44","47,76290323","27,60419355","32,96419355","42,95","76,66612903","25,46290323","34,37806452",,
set.-04,"0,54","42,42933333","28,96033333","33,327","21,83","72,60133333","26,03333333","34,027",,
out.-04,"0,51","40,9216129","29,90967742","33,38774194","13,71","69,94612903","26,72290323","33,99967742",,
nov.-04,"0,44","40,543","30,06833333","33,66966667","7,38","69,05666667","27,03","34,15466667",,
dez.-04,"11,76","43,27548387","30,07096774","34,54774194","6,75","69,15129032","27,27354839","34,40258065",,
jan.-05,"77,49","54,76419355","28,65419355","35,41677419",16,"70,62129032","27,88354839","35,40032258",,
fev.-05,"100,34","63,38357143","28,11428571","36,22928571","36,09","72,86214286","28,21","35,82071429",,
mar.-05,"261,65","68,36806452","27,49967742","36,00225806","143,58","74,56548387","28,20322581","35,83935484",,
abr.-05,"65,72","78,847","25,79466667","35,41166667","72,28","77,64133333","27,85033333","36,14533333",,
mai.-05,"120,1","78,49322581","25,53129032","35,30032258","227,45","79,88451613","27,39967742","36,07",,
jun.-05,"61,57","73,24833333","25,27033333","34,86433333","362,58","83,844","25,99333333","35,66566667",,
jul.-05,"18,13","58,98129032","25,66096774","32,76193548","75,05","79,98774194","25,2916129","34,61193548",,
ago.-05,"9,66","49,97290323","27,16903226","33,44322581","73,03","76,94451613","25,32903226","34,49516129",,
set.-05,"0,91","43,52766667","28,31066667","32,563","21,2","73,087","25,72033333","34,15066667",,
out.-05,"11,62","40,91870968","29,49032258","32,59612903","53,15","71,33612903","26,23064516","33,73612903",,
nov.-05,"0,92","42,32933333","29,96966667","34,084","3,08","70,83433333","26,88666667","34,47866667",,
dez.-05,"74,59","53,38387097","28,43419355","35,30193548","20,49","70,79612903","27,38483871","35,06741935",,
jan.-06,"36,49","48,36258065","29,35741935","35,54709677","8,35","69,79225806","27,59129032","35,52354839",,
fev.-06,"171,2","64,82107143","27,81857143","35,80785714","32,39","72,73","27,81321429","35,72535714",,
mar.-06,"232,94","78,95096774","25,95935484","35,48935484","138,24","75,7083871","27,79870968","35,76516129",,
abr.-06,"286,47","85,60466667","25,15433333","35,518","243,83","82,55733333","27,257","36,34033333",,
mai.-06,"225,11","86,40870968","24,3616129","34,5816129","147,04","81,99387097","26,98193548","36,0516129",,
jun.-06,"80,85","83,064","23,28666667","34,03966667","123,62","79,86066667","26,22433333","35,90833333",,
jul.-06,"15,25","72,10387097","24,19774194","33,30322581","67,47","77,51096774","25,84870968","34,49516129",,
ago.-06,"12,81","55,04774194","26,05741935","32,41322581","60,54","73,82419355","25,81419355","33,88258065",,
set.-06,"14,44","47,23","27,70633333","32,861","31,31","71,49066667","26,252","33,791",,
out.-06,"14,44","43,30451613","29,62548387","34,17645161","13,68","69,43064516","26,87612903","33,69483871",,
nov.-06,"8,28","43,86833333","29,98","34,47866667","43,85","70,44833333","27,172","33,983",,
dez.-06,"54,7","47,06677419","29,85225806","35,13580645","19,76","70,87741935","27,57064516","34,69612903",,
jan.-07,"25,56","51,91774194","29,17935484","35,07322581","98,53","74,14290323","27,51258065","35,16451613",,
fev.-07,"260,53","73,03607143","26,56035714","35,4175","138,5","76,75964286","27,63285714","35,75964286",,
mar.-07,"128,12","77,8816129","25,57548387","35,23096774","121,84","75,77516129","27,77451613","35,85516129",,
abr.-07,"169,49","75,671","26,14733333","35,30766667","198,59","78,26233333","27,67033333","35,93333333",,
mai.-07,"76,62","74,33419355","25,40451613","34,53709677","135,21","79,78290323","26,86322581","35,62935484",,
jun.-07,"39,97","67,57766667","25,195","33,94066667","258,1","81,25333333","25,944","35,439",,
jul.-07,"11,46","54,79387097","26,38516129","33,11645161","90,69","79,38903226","25,30354839","34,43419355",,
ago.-07,"1,52","47,63580645","27,0616129","32,7716129","54,28","76,18193548","25,19580645","33,89225806",,
set.-07,"1,2","43,63133333","27,98766667","32,98233333","28,94","73,544","25,494","33,74633333",,
out.-07,"0,19","40,67354839","29,4916129","33,84354839","9,31","71,67516129","26,21322581","34,03387097",,
nov.-07,"0,31","41,52266667","29,84733333","34,22233333","23,23","70,995","26,783","34,166",,
dez.-07,"25,39","46,07741935","29,48967742","35,68612903","10,98","69,6716129","27,4583871","34,74193548",,
jan.-08,"145,33","59,66096774","27,97193548","35,96064516","47,82","73,30548387","27,41903226","35,74032258",,
fev.-08,"81,1","64,31275862","27,24275862","35,02586207","23,76","71,47482759","27,91655172","35,30724138",,
mar.-08,"266,29","79,26032258","25,54774194","35,76290323","143,09","77,21322581","27,4316129","36,13096774",,
abr.-08,"228,46","85,96033333","24,724","35,24633333","302,15","82,67333333","26,74233333","35,938",,
mai.-08,"167,2","84,72806452","24,39548387","34,75870968","152,62","82,67064516","26,67451613","35,60774194",,
jun.-08,"70,36","81,12266667","23,09866667","33,315","153,37","81,001","25,76933333","35,00633333",,
jul.-08,"66,95","73,37419355","23,70903226","33,30548387","108,35","80,76483871","25,32193548","35,11967742",,
ago.-08,"73,59","64,24419355","25,09451613","33,01806452","64,39","77,46774194","25,51451613","34,18258065",,
set.-08,"3,26","50,43866667","27,60033333","33,313","28,4","74,18766667","26,25533333","34,41",,
out.-08,"2,46","42,37258065","29,62967742","34,22322581","18,88","71,56516129","26,78290323","34,71483871",,
nov.-08,"2,68","42,36633333","30,115","34,76633333","6,31","70,00966667","27,24","34,675",,
dez.-08,"24,04","46,54419355","29,65741935","35,43580645","12,98","70,25258065","27,48741935","34,76193548",,
jan.-09,"103,84","57,09677419","28,30451613","35,5516129","101,76","73,94","27,3683871","35,22935484",,
fev.-09,"140,43","73,2625","26,04892857","35,39285714","153,19","77,23285714","27,18285714","35,47071429",,
mar.-09,"88,31","75,31741935","26,23516129","35,40032258","156,62","81,12774194","27,06096774","35,87322581",,
abr.-09,"339,75","84,84366667","25,12833333","36,12266667","281,8","83,56133333","26,932","36,40133333",,
mai.-09,"192,79","87,81354839","24,43419355","35,5816129","303,94","85,18483871","26,57677419","36,10806452",,
jun.-09,"137,46","85,958","23,63566667","34,26933333","283,54","84,15533333","26,05066667","35,347",,
jul.-09,"45,46","80,75","23,65774194","33,3983871","146,25","82,40096774","25,66096774","34,45419355",,
ago.-09,"52,06","69,63548387","24,65548387","33,15935484","114,59","80,64096774","25,38967742","33,86677419",,
set.-09,"1,94","54,96133333","27,244","33,395","30,81","77,63966667","25,79966667","33,79866667",,
out.-09,"4,25","45,19677419","29,19870968","34,94870968","1,17","71,96","26,33967742","33,47483871",,
nov.-09,"3,8","44,16633333","29,74733333","34,86366667","8,76","71,74533333","26,92966667","34,49033333",,
dez.-09,"35,83","50,97258065","29,23580645","35,76387097","14,45","74,58677419","27,29483871","35,32290323",,
jan.-10,"109,52","65,02","27,18709677","35,61354839","63,21","76,32612903","27,34516129","35,37129032",,
fev.-10,"52,96","62,83535714","28,08071429","35,7525","49,35","76,82928571","28,04714286","36,15785714",,
mar.-10,"70,07","57,12","29,53677419","35,84193548","47,36","74,35","28,57322581","35,4016129",,
abr.-10,"194,37","76,70133333","26,68","35,917","144,66","79,62566667","28,123","36,46",,
mai.-10,"110,72","70,61451613","26,60129032","35,08741935","91,85","77,15096774","27,8483871","35,57451613",,
jun.-10,"52,71","68,88366667","25,587","34,341","74,92","75,451","27,06266667","34,61966667",,
jul.-10,"11,53","55,5716129","26,56322581","33,82709677","95,23","76,69903226","26,28612903","35,13483871",,
ago.-10,"35,03","49,23064516","26,94387097","32,66096774","42,88","74,74741935","25,67258065","34,04774194",,
set.-10,"38,58","48,38166667","27,14533333","32,804","31,51","71,72033333","26,03033333","33,79966667",,
out.-10,"40,93","47,94548387","29,1083871","34,58096774","10,06","70,28193548","27,10870968","34,72741935",,
nov.-10,"2,26","43,79966667","29,92533333","34,57966667","1,88","68,69366667","27,47266667","34,74266667",,
dez.-10,"74,18","58,88032258","27,90677419","35,59645161","37,69","72,16677419","27,41774194","35,44419355",,
jan.-11,"238,65","69,81193548","26,42387097","35,25774194","229,09","78,52","26,84612903","35,53903226",,
fev.-11,"241,05","80,17535714","25,2825","35,2625","147,39","78,64357143","27,17571429","35,365",,
mar.-11,"106,7","82,93516129","25,17774194","34,82193548","119,45","79,80806452","27,26967742","35,57",,
abr.-11,"227,37","84,3","24,87333333","35,14433333","257,59","83,20733333","26,85033333","36,089",,
mai.-11,"148,28","85,97967742","24,37870968","34,96645161","264,79","85,86451613","26,48903226","36,24354839",,
jun.-11,"28,38","78,83166667","24,15833333","33,77066667","198,09","84,465","25,89966667","35,586",,
jul.-11,"22,55","68,13387097","24,79193548","33,88","162,16","83,13483871","25,31129032","35,00129032",,
ago.-11,"5,18","52,14741935","26,85967742","33,06","62,9","79,09870968","25,38580645","33,79709677",,
set.-11,"0,44","43,463","28,25","32,967","11,95","76,045","25,536","33,41466667",,
out.-11,"49,85","49,82064516","28,80064516","35,12032258","11,13","72,64870968","26,56322581","34,83064516",,
nov.-11,"12,46","46,846","29,43966667","35,75866667","17,34","72,01333333","27,005","34,75766667",,
dez.-11,"3,85","44,28451613","29,76225806","34,82612903","9,38","70,62225806","27,30612903","34,42129032",,
jan.-12,"58,93","54,27451613","28,50354839","35,61967742","39,71","72,43032258","27,25129032","35,19774194",,
fev.-12,"147,55","62,84896552","26,99655172","34,9037931","109,39","75,91724138","26,96586207","33,96310345",,
mar.-12,"45,8","61,93774194","27,28806452","35,20451613","72,89","76,00290323","27,2783871","35,38903226",,
abr.-12,"43,97","56,428","28,36233333","34,995","46,33","74,61166667","27,61933333","35,24266667",,
mai.-12,"16,73","50,15419355","28,75","35,15032258","46,25","73,44870968","27,27709677","34,75741935",,
jun.-12,"20,39","51,83133333","27,88733333","34,804","161,18","79,312","26,183","34,94733333",,
jul.-12,"4,12","49,48129032","27,1616129","33,69580645","103,57","80,03451613","25,21","34,26064516",,
ago.-12,"2,23","43,80225806","27,47612903","32,2683871","24,17","74,9683871","25,31","33,74193548",,
set.-12,"0,31","39,97233333","28,55366667","32,925","10,24","70,694","25,96","34,167",,
out.-12,"6,14","41,18677419","29,75709677","34,34516129","7,65","70,73580645","26,4016129","34,36709677",,
nov.-12,"1,8","42,34","30,13","35,28066667","0,85","68,61066667","27,13733333","34,48233333",,
dez.-12,"2,96","43,66612903","30,40032258","35,91709677","2,84","70,21774194","27,46677419","35,24258065",,
jan.-13,"28,4","48,53290323","29,79451613","37,03483871","14,86","71,22322581","27,71096774","35,53483871",,
fev.-13,"55,35","51,58178571","29,38464286","36,22107143","41,37","72,27357143","27,87607143","35,58285714",,
mar.-13,"102,08","58,41516129","28,82709677","37,16483871","38,64","72,12225806","28,21709677","36,23806452",,
abr.-13,"130,97","68,253","27,27733333","36,57866667","105,19","74,30966667","28,082","36,35666667",,
mai.-13,"68,03","69,2216129","26,21709677","35,46548387","133,78","79,27","27,01645161","35,93774194",,
jun.-13,"83,62","66,623","25,893","35,024","188,25","81,399","26,22","35,763",,
jul.-13,"30,58","60,89451613","25,91516129","34,39645161","223,34","82,46032258","25,41193548","34,99032258",,
ago.-13,"3,79","47,47548387","27,81612903","33,87483871","86,49","77,58258065","25,62709677","34,45129032",,
set.-13,"0,64","43,15033333","28,87533333","34,03066667","87,17","76,21866667","25,743","34,289",,
out.-13,"3,07","41,18935484","29,62419355","34,85064516","8,19","70,55064516","26,68096774","33,85612903",,
nov.-13,"44,9","49,48966667","28,56266667","35,95066667","37,23","71,874","26,786","34,86733333",,
dez.-13,"40,04","50,77903226","29,06612903","36,06419355","13,51","71,35612903","27,31806452","34,89451613",,
jan.-14,"20,14","46,94419355","29,41354839","36,1316129","54,23","71,59258065","27,34677419","35,49322581",,
fev.-14,"63,72","56,08892857","28,175","36,36071429","39,83","73,3175","27,30821429","35,55642857",,
mar.-14,"197,86","70,01258065","26,64451613","36,13741935","153,66","75,85419355","27,50258065","35,97548387",,
abr.-14,"192,36","79,19566667","25,37833333","36,21133333","66,96","76,65866667","27,61433333","36,45233333",,
mai.-14,"85,03","74,38258065","25,23258065","35,29322581","107,67","76,17387097","27,14225806","36,28258065",,
jun.-14,"19,18","63,83766667","26,03066667","34,355","230,27","80,43366667","26,32166667","35,77033333",,
jul.-14,"20,08","54,25032258","26,30096774","33,89741935","109,64","78,87322581","25,58709677","34,62709677",,
ago.-14,"2,69","45,80129032","27,55290323","33,34548387","32,23","74,73741935","25,61419355","33,72806452",,
set.-14,"5,1","45,32","28,68866667","34,375","55,45","74,77766667","26,03066667","34,12333333",,
out.-14,"24,88","46,34548387","29,09064516","35,61612903","25,66","71,91258065","26,56387097","34,60548387",,
nov.-14,"10,54","45,411","29,641","35,80533333","16,57","70,12566667","27,01933333","34,41966667",,
dez.-14,"13,87","45,77870968","29,71935484","36,62","24,49","72,00645161","27,15516129","35,2883871",,
jan.-15,"25,21","47,54354839","29,12967742","35,95064516","28,12","72,15548387","27,21548387","34,92419355",,
fev.-15,"108,33","61,5775","27,52857143","36,30321429","75,99","74,39892857","27,52678571","36,24464286",,
mar.-15,"166,81","70,16516129","26,74129032","36,54193548","203,07","79,93645161","27,07225806","36,39096774",,
abr.-15,"51,02","65,90933333","27,31133333","35,92466667","105,41","77,74833333","27,38466667","36,189",,
mai.-15,"18,68","52,26258065","28,60483871","36,21870968","53,92","75,46645161","27,48387097","35,4716129",,
jun.-15,"24,63","53,514","27,611","35,28833333","138,54","77,552","26,596","35,67166667",,
jul.-15,"34,31","56,91451613","26,82548387","34,77258065","116,86","80,56645161","25,7383871","34,97258065",,
ago.-15,"1,49","44,54483871","27,91258065","32,93645161","23,41","74,80483871","25,70806452","33,51903226",,
set.-15,"2,25","41,906","29,24633333","33,75533333","7,13","70,207","26,45366667","33,44",,
out.-15,"1,38","41,25645161","29,92322581","34,79258065","9,93","69,37645161","26,74741935","34,06774194",,
nov.-15,"1,74","41,97166667","30,18866667","34,57466667","1,9","69,73633333","27,22133333","33,96333333",,
dez.-15,"9,73","46,69709677","29,88806452","35,73516129","68,03","73,04129032","27,44774194","35,25516129",,
jan.-16,"182,64","68,16419355","27,37548387","37,43258065","139,07","80,24612903","27,12354839","37,04548387",,
fev.-16,"42,89","65,66344828","27,28793103","36,27862069","98,47","78,49413793","27,50275862","36,49931034",,
mar.-16,"176,46","66,57677419","28,10129032","37,44709677","114,23","76,69645161","28,08354839","36,63096774",,
abr.-16,"71,07","73,99866667","26,47033333","36,10833333","187,71","80,40433333","27,69033333","36,927",,
mai.-16,31,"60,86387097","27,67516129","35,52419355","128,1","80,95064516","26,95","35,89193548",,
jun.-16,"9,91","50,187","27,83233333","34,13466667","96,41","79,34333333","26,331","34,65466667",,
jul.-16,"2,23","44,92483871","27,62387097","32,99612903","50,42","75,36193548","25,97967742","34,11032258",,
ago.-16,"0,18","41,1283871","28,32645161","32,95032258","28,82","71,5683871","26,17709677","33,69548387",,
set.-16,"0,56","40,13066667","29,28633333","34,022","19,3","70,85366667","26,432","33,28933333",,
out.-16,"2,5","40,02387097","30,18258065","34,51","11,36","70,24645161","27,04870968","34,02580645",,
nov.-16,"0,23","41,30466667","30,52166667","35,55966667","6,3","70,75933333","27,351","34,68566667",,
dez.-16,"29,45","47,08419355","29,79806452","36,06451613","51,76","72,11322581","27,5616129","35,40064516",,
jan.-17,"52,82","50,79","29,39741935","36,53967742","47,78","72,40741935","27,5983871","35,56419355",,
fev.-17,"117,55","63,43714286","27,72285714","36,20035714","70,15","74,86285714","27,62392857","36,28857143",,
mar.-17,"118,01","74,4","26,50806452","36,22451613","121,72","78,75354839","27,59677419","35,73645161",,
abr.-17,"67,14","67,84933333","27,14633333","35,51966667","191,76","80,28266667","27,44833333","36,69366667",,
mai.-17,"51,42","63,64967742","27,34451613","35,42967742","159,04","81,00483871","27,06096774","35,85032258",,
jun.-17,"30,75","57,98633333","27,09566667","34,17133333","117,29","78,97533333","26,67466667","35,44633333",,
jul.-17,"30,67","59,0216129","25,57129032","33,85193548","272,72","83,10096774","25,13709677","35,61870968",,
ago.-17,"1,67","44,98","27,97612903","32,63677419","28,66","77,68774194","25,41193548","33,50645161",,
set.-17,"3,23","42,65666667","28,373","33,31666667","34,85","73,79933333","25,78933333","34,247",,
out.-17,"1,04","42,26290323","30,04354839","34,71516129","30,04","73,45354839","26,61548387","34,82580645",,
nov.-17,"2,15","42,63166667","30,11633333","35,38033333","11,17","70,34533333","27,11533333","34,09166667",,
dez.-17,"5,08","45,6916129","30,14774194","36,3183871","18,68","73,08451613","27,45258065","35,07096774",,
jan.-18,"43,54","52,51741935","28,84709677","36,33645161","58,83","74,70096774","27,32548387","35,49258065",,
fev.-18,"201,76","70,76928571","26,91678571","36,52857143","250,59","79,32357143","27,09642857","36,44392857",,
mar.-18,"97,6","71,46774194","26,85129032","36,00967742","111,27","78,94","27,38387097","35,91451613",,
abr.-18,"226,38","82,929","24,99866667","35,85633333","221,68","83,19966667","26,75433333","36,622",,
mai.-18,"41,57","74,12709677","25,06612903","34,25806452","116,22","82,43419355","26,39322581","35,87935484",,
jun.-18,"8,21","56,83866667","26,18966667","32,74233333","99,94","79,35333333","25,84866667","34,714",,
jul.-18,"5,71","48,5183871","27,27225806","32,94451613","178,17","81,3083871","25,29709677","34,90612903",,
ago.-18,"3,38","43,51322581","28,07935484","32,50806452","24,86","75,14774194","25,74193548","33,50483871",,
set.-18,"1,29","41,726","29,26266667","33,84533333","18,33","73,93266667","26,11533333","33,655",,
out.-18,"4,84","42,38774194","30,24483871","35,30225806","3,53","70,25419355","27,07483871","34,04",,
nov.-18,"14,26","43,27733333","30,581","34,844","9,77","71,611","27,51066667","35,27133333",,
dez.-18,"63,9","53,84096774","28,70580645","35,33322581","33,55","73,14870968","27,58354839","35,33032258",,
jan.-19,"94,47","59,71354839","28,22612903","36,27354839","47,85","74,15451613","27,82","36,15483871",,
fev.-19,"112,22","69,47464286","27,45357143","36,33428571","125,23","79,17464286","27,78071429","36,96071429",,
mar.-19,"145,12","72,88903226","26,97645161","36,40870968","227,84","81,70419355","27,48322581","37,41580645",,
abr.-19,"95,79","76,09","26,519","36,19166667","230,16","83,115","27,34133333","37,296",,
mai.-19,"40,7","65,57935484","27,17290323","34,94774194","139,67","81,27612903","27,21806452","36,22677419",,
jun.-19,"36,75","56,90366667","27,01766667","33,9","150,98","79,832","26,29766667","35,17833333",,
jul.-19,"12,72","53,70935484","27,17741935","34,33419355","108,53","80,62483871","25,59129032","34,57290323",,
ago.-19,"3,05","45,62451613","27,63419355","33,04032258","40,27","76,13677419","25,50322581","33,67129032",,
set.-19,"1,04","41,51733333","29,36533333","33,86366667","22,99","73,57533333","26,145","33,84366667",,
out.-19,"2,17","40,10580645","30,15290323","34,63064516","11,51","70,62741935","26,75935484","33,78322581",,
nov.-19,"1,92","40,986","30,87766667","35,528","5,45","70,963","27,405","34,443",,
dez.-19,"19,02","43,21451613","30,73354839","36,11774194","14,38","70,91741935","27,73870968","34,96258065",,